<?xml version="1.0" encoding="UTF-8"?>
<!DOCTYPE fontscolors PUBLIC "-//NetBeans//DTD Editor Fonts and Colors settings 1.1//EN" "http://www.netbeans.org/dtds/EditorFontsColors-1_1.dtd">
<fontscolors>
    <fontcolor bgColor="72808080" name="mark-occurrences"/>
    <fontcolor foreColor="ffabb2bf" name="identifier"/>
    <fontcolor default="field" foreColor="magenta" name="markup-attribute"/>
    <fontcolor default="identifier" foreColor="ff61afef" name="method"/>
    <fontcolor foreColor="ff98c379" name="string"/>
    <fontcolor default="keyword" name="markup-element"/>
    <fontcolor default="string" name="markup-attribute-value"/>
    <fontcolor name="error" waveUnderlined="red"/>
    <fontcolor default="default" foreColor="darkGray" name="entity-reference">
        <font style="bold"/>
    </fontcolor>
    <fontcolor foreColor="white" name="separator"/>
    <fontcolor foreColor="ffc678dd" name="operator"/>
    <fontcolor name="url" underline="gray"/>
    <fontcolor foreColor="ffd19a66" name="number"/>
    <fontcolor bgColor="ff282c34" foreColor="ff99ffff" name="default">
        <font name="Ubuntu Mono" size="15" style="plain"/>
    </fontcolor>
    <fontcolor default="identifier" foreColor="ff6666ff" name="field"/>
    <fontcolor foreColor="white" name="char"/>
    <fontcolor name="warning" waveUnderlined="yellow"/>
    <fontcolor foreColor="ff5c6370" name="comment">
        <font name="Monospaced" style="plain"/>
    </fontcolor>
    <fontcolor foreColor="ffc678dd" name="keyword"/>
    <fontcolor foreColor="ff1c1c1c" name="whitespace"/>
</fontscolors>
